step,loss_pde,loss_bc1,loss_bc2,loss_total
0.000000000000000000e+00,1.689167499542236328e+00,3.063446879386901855e-01,2.183025144040584564e-02,2.017342567443847656e+00
1.000000000000000000e+02,1.237494056113064289e-03,1.264956593513488770e-01,1.093267835676670074e-02,1.386658400297164917e-01
2.000000000000000000e+02,4.416991141624748707e-04,1.250602155923843384e-01,1.120252721011638641e-02,1.367044448852539062e-01
3.000000000000000000e+02,6.639070343226194382e-04,1.235588490962982178e-01,1.107350923120975494e-02,1.352962702512741089e-01
4.000000000000000000e+02,1.110322307795286179e-03,1.216512918472290039e-01,1.093685440719127655e-02,1.336984634399414062e-01
5.000000000000000000e+02,1.528268330730497837e-03,1.186709180474281311e-01,1.078972406685352325e-02,1.309889107942581177e-01
6.000000000000000000e+02,8.496613008901476860e-04,1.094144880771636963e-01,1.239737402647733688e-02,1.226615235209465027e-01
7.000000000000000000e+02,1.683124923147261143e-03,9.848364442586898804e-02,1.503769028931856155e-02,1.152044609189033508e-01
8.000000000000000000e+02,4.701003432273864746e-02,9.301010519266128540e-02,1.518799457699060440e-02,1.552081257104873657e-01
9.000000000000000000e+02,2.486105309799313545e-03,8.018475025892257690e-02,2.023214474320411682e-02,1.029029935598373413e-01
1.000000000000000000e+03,3.357487265020608902e-03,7.258352637290954590e-02,2.174021489918231964e-02,9.768122434616088867e-02
1.100000000000000000e+03,5.431261379271745682e-03,7.068771123886108398e-02,1.964900456368923187e-02,9.576798230409622192e-02
1.200000000000000000e+03,5.444900598376989365e-03,5.914068967103958130e-02,2.317918650805950165e-02,8.776477724313735962e-02
1.300000000000000000e+03,6.488111801445484161e-03,5.480844900012016296e-02,2.260887250304222107e-02,8.390542864799499512e-02
1.400000000000000000e+03,1.041010860353708267e-02,5.703856423497200012e-02,1.830719597637653351e-02,8.575586974620819092e-02
1.500000000000000000e+03,7.464835420250892639e-03,4.540986195206642151e-02,2.235745824873447418e-02,7.523215562105178833e-02
1.600000000000000000e+03,7.491571363061666489e-03,4.173036292195320129e-02,2.263664640486240387e-02,7.185857743024826050e-02
1.700000000000000000e+03,1.055373903363943100e-02,3.845683485269546509e-02,2.298680879175662994e-02,7.199738174676895142e-02
1.800000000000000000e+03,2.164831198751926422e-02,4.225965961813926697e-02,1.996152102947235107e-02,8.386949449777603149e-02
1.900000000000000000e+03,1.228299923241138458e-02,3.563591465353965759e-02,2.113831415772438049e-02,6.905722618103027344e-02
2.000000000000000000e+03,9.924501180648803711e-03,3.026563301682472229e-02,2.248725853860378265e-02,6.267739087343215942e-02
2.100000000000000000e+03,7.349258288741111755e-03,2.882623672485351562e-02,2.110093273222446442e-02,5.727642774581909180e-02
2.200000000000000000e+03,1.943413540720939636e-02,2.656525000929832458e-02,1.992295309901237488e-02,6.592233479022979736e-02
2.300000000000000000e+03,7.994402199983596802e-03,2.365877479314804077e-02,2.019522711634635925e-02,5.184840410947799683e-02
2.400000000000000000e+03,7.866514846682548523e-03,2.161496877670288086e-02,1.933547295629978180e-02,4.881695657968521118e-02
2.500000000000000000e+03,7.764277979731559753e-03,1.990514062345027924e-02,1.851691305637359619e-02,4.618633165955543518e-02
2.600000000000000000e+03,7.526696193963289261e-03,1.813743449747562408e-02,1.732947491109371185e-02,4.299360513687133789e-02
2.700000000000000000e+03,2.897023223340511322e-02,1.776332780718803406e-02,1.498068217188119888e-02,6.171423941850662231e-02
2.800000000000000000e+03,7.102869451045989990e-03,1.434267591685056686e-02,1.549284160137176514e-02,3.693838790059089661e-02
2.900000000000000000e+03,9.414055384695529938e-03,1.546059455722570419e-02,1.263320352882146835e-02,3.750785440206527710e-02
3.000000000000000000e+03,4.781205207109451294e-03,1.115219201892614365e-02,1.299538742750883102e-02,2.892878651618957520e-02
3.100000000000000000e+03,6.085680332034826279e-03,1.095958240330219269e-02,1.084731332957744598e-02,2.789257653057575226e-02
3.200000000000000000e+03,6.777756381779909134e-03,8.457089774310588837e-03,1.039647776633501053e-02,2.563132345676422119e-02
3.300000000000000000e+03,4.133953712880611420e-03,8.643042296171188354e-03,8.323874324560165405e-03,2.110087126493453979e-02
3.400000000000000000e+03,5.983176175504922867e-03,6.603444460779428482e-03,7.909334264695644379e-03,2.049595490097999573e-02
3.500000000000000000e+03,7.705710362643003464e-03,5.944551434367895126e-03,6.882360670715570450e-03,2.053262293338775635e-02
3.600000000000000000e+03,8.126622065901756287e-03,5.993762053549289703e-03,5.551561713218688965e-03,1.967194676399230957e-02
3.700000000000000000e+03,1.003840845078229904e-02,4.859439097344875336e-03,5.278185009956359863e-03,2.017603255808353424e-02
3.800000000000000000e+03,4.083357285708189011e-03,4.373562987893819809e-03,4.574062302708625793e-03,1.303098257631063461e-02
3.900000000000000000e+03,7.072007283568382263e-03,4.043133463710546494e-03,3.800177015364170074e-03,1.491531822830438614e-02
4.000000000000000000e+03,1.177788828499615192e-03,4.249071236699819565e-03,2.993028843775391579e-03,8.419889025390148163e-03
4.100000000000000000e+03,5.923666059970855713e-03,4.308521747589111328e-03,2.391157904639840126e-03,1.262334547936916351e-02
4.200000000000000000e+03,4.330844152718782425e-03,4.192734602838754654e-03,2.001276239752769470e-03,1.052485499531030655e-02
4.300000000000000000e+03,1.590157975442707539e-03,3.813734976574778557e-03,1.748627866618335247e-03,7.152521051466464996e-03
4.400000000000000000e+03,6.107903551310300827e-03,2.958145923912525177e-03,1.836506766267120838e-03,1.090255565941333771e-02
4.500000000000000000e+03,4.109356552362442017e-03,2.695261035114526749e-03,1.539805671200156212e-03,8.344423025846481323e-03
4.600000000000000000e+03,7.964232005178928375e-03,2.695454750210046768e-03,1.305448589846491814e-03,1.196513604372739792e-02
4.700000000000000000e+03,7.120781112462282181e-03,2.501752227544784546e-03,1.150603755377233028e-03,1.077313628047704697e-02
4.800000000000000000e+03,4.448454827070236206e-03,2.319617895409464836e-03,1.380868023261427879e-03,8.148941211402416229e-03
4.900000000000000000e+03,3.087303973734378815e-02,2.742483746260404587e-03,7.841257611289620399e-04,3.439964726567268372e-02
5.000000000000000000e+03,2.108560875058174133e-02,2.580458065494894981e-03,6.745037389919161797e-04,2.434056997299194336e-02
5.100000000000000000e+03,1.738738967105746269e-03,2.138172974810004234e-03,7.012591231614351273e-04,4.578171297907829285e-03
5.200000000000000000e+03,8.720168843865394592e-03,2.216377062723040581e-03,7.129795267246663570e-04,1.164952572435140610e-02
5.300000000000000000e+03,7.522935513406991959e-03,2.089646877720952034e-03,5.572351510636508465e-04,1.016981806606054306e-02
5.400000000000000000e+03,3.244859166443347931e-03,2.005353104323148727e-03,5.063186981715261936e-04,5.756530910730361938e-03
5.500000000000000000e+03,4.807608667761087418e-03,2.524665091186761856e-03,3.543494385667145252e-04,7.686623372137546539e-03
5.600000000000000000e+03,5.507859168574213982e-04,1.960897585377097130e-03,3.912100219167768955e-04,2.902893349528312683e-03
5.700000000000000000e+03,5.910943727940320969e-03,1.850303495302796364e-03,3.726666036527603865e-04,8.133914321660995483e-03
5.800000000000000000e+03,1.318327523767948151e-02,1.912073581479489803e-03,3.036936395801603794e-04,1.539904251694679260e-02
5.900000000000000000e+03,4.303540568798780441e-03,2.441772958263754845e-03,2.166200865758582950e-04,6.961933337152004242e-03
6.000000000000000000e+03,1.593975699506700039e-03,1.779450918547809124e-03,3.113293787464499474e-04,3.684755880385637283e-03
6.100000000000000000e+03,2.167778293369337916e-04,1.972181024029850960e-03,2.181140880566090345e-04,2.407073043286800385e-03
6.200000000000000000e+03,4.991594236344099045e-03,1.777530065737664700e-03,2.593153039924800396e-04,7.028439547866582870e-03
6.300000000000000000e+03,8.488839492201805115e-03,1.707040704786777496e-03,2.167773054679855704e-04,1.041265763342380524e-02
6.400000000000000000e+03,1.374788465909659863e-03,1.827034633606672287e-03,1.723207824397832155e-04,3.374143969267606735e-03
6.500000000000000000e+03,6.160179153084754944e-03,1.749067450873553753e-03,2.265264338348060846e-04,8.135773241519927979e-03
6.600000000000000000e+03,5.890124943107366562e-03,1.699619577266275883e-03,1.637458190089091659e-04,7.753490004688501358e-03
6.700000000000000000e+03,6.409693509340286255e-03,1.679559354670345783e-03,1.493714953539893031e-04,8.238623850047588348e-03
6.800000000000000000e+03,1.337948953732848167e-03,1.884606317616999149e-03,1.259623677469789982e-04,3.348517697304487228e-03
6.900000000000000000e+03,6.460122764110565186e-03,1.611526473425328732e-03,1.795588614186272025e-04,8.251207880675792694e-03
7.000000000000000000e+03,2.001760900020599365e-02,1.654104446060955524e-03,1.204341606353409588e-04,2.179214917123317719e-02
7.100000000000000000e+03,4.020700871478766203e-04,1.563965226523578167e-03,1.375570718664675951e-04,2.103592269122600555e-03
7.200000000000000000e+03,1.199519075453281403e-02,2.314171520993113518e-03,1.631695922696962953e-04,1.447253208607435226e-02
7.300000000000000000e+03,6.186180282384157181e-03,1.565523445606231689e-03,1.353131374344229698e-04,7.887016981840133667e-03
7.400000000000000000e+03,4.128597676753997803e-03,1.890000537969172001e-03,1.014074441627599299e-04,6.120005622506141663e-03
7.500000000000000000e+03,2.108021872118115425e-04,1.513803610578179359e-03,1.108857541112229228e-04,1.835491508245468140e-03
7.600000000000000000e+03,1.715736347250640392e-03,1.528831198811531067e-03,1.382815971737727523e-04,3.382849274203181267e-03
7.700000000000000000e+03,8.190250955522060394e-03,1.486690831370651722e-03,8.854069164954125881e-05,9.765482507646083832e-03
7.800000000000000000e+03,3.130340483039617538e-03,1.470354036428034306e-03,8.952604548539966345e-05,4.690220579504966736e-03
7.900000000000000000e+03,1.287202257663011551e-02,1.471463474445044994e-03,8.213436376536265016e-05,1.442562043666839600e-02
8.000000000000000000e+03,2.950832014903426170e-03,1.433915225788950920e-03,8.111898932838812470e-05,4.465866368263959885e-03
8.100000000000000000e+03,7.761308457702398300e-03,1.443665940314531326e-03,8.519482798874378204e-05,9.290168993175029755e-03
8.200000000000000000e+03,7.709867786616086960e-04,1.423597685061395168e-03,7.406156510114669800e-05,2.268645912408828735e-03
8.300000000000000000e+03,2.585774054750800133e-03,1.413349295035004616e-03,7.382566400337964296e-05,4.072948824614286423e-03
8.400000000000000000e+03,6.056773709133267403e-04,1.581251039169728756e-03,6.043937537469901145e-05,2.247367752715945244e-03
8.500000000000000000e+03,3.440157510340213776e-03,1.448183669708669186e-03,1.025326928356662393e-04,4.990873858332633972e-03
8.600000000000000000e+03,8.322240319103002548e-04,1.419355743564665318e-03,7.571426976937800646e-05,2.327294088900089264e-03
8.700000000000000000e+03,1.554766320623457432e-03,1.395442988723516464e-03,5.921035335632041097e-05,3.009419655427336693e-03
8.800000000000000000e+03,5.571438930928707123e-03,1.395901199430227280e-03,5.881389733985997736e-05,7.026154082268476486e-03
8.900000000000000000e+03,2.603662200272083282e-03,1.384848146699368954e-03,5.821501326863653958e-05,4.046725574880838394e-03
9.000000000000000000e+03,3.485667693894356489e-04,1.414397964254021645e-03,8.894824713934212923e-05,1.851913053542375565e-03
9.100000000000000000e+03,4.308418836444616318e-03,1.420513726770877838e-03,8.897027146304026246e-05,5.817902740091085434e-03
9.200000000000000000e+03,1.332573709078133106e-03,1.359938527457416058e-03,5.408830838860012591e-05,2.746600657701492310e-03
9.300000000000000000e+03,6.811117753386497498e-03,1.926916185766458511e-03,4.146637365920469165e-05,8.779499679803848267e-03
9.400000000000000000e+03,4.670411814004182816e-03,1.469928189180791378e-03,4.635974619304761291e-05,6.186699960380792618e-03
9.500000000000000000e+03,2.645366126671433449e-03,1.390770543366670609e-03,4.565494964481331408e-05,4.081791732460260391e-03
9.600000000000000000e+03,2.046721056103706360e-03,1.332723186351358891e-03,5.153054371476173401e-05,3.430974669754505157e-03
9.700000000000000000e+03,2.244428964331746101e-03,1.347296638414263725e-03,5.170056101633235812e-05,3.643426112830638885e-03
9.800000000000000000e+03,4.545160103589296341e-03,1.467779045924544334e-03,5.071017585578374565e-05,6.063648965209722519e-03
9.900000000000000000e+03,7.876810617744922638e-03,1.378658576868474483e-03,4.665963933803141117e-05,9.302128106355667114e-03
1.000000000000000000e+04,2.866477007046341896e-03,1.332933898083865643e-03,4.840881229029037058e-05,4.247819539159536362e-03
1.000000000000000000e+04,1.689167499542236328e+00,3.063446879386901855e-01,2.183025144040584564e-02,2.017342567443847656e+00
1.010000000000000000e+04,1.237494056113064289e-03,1.264956593513488770e-01,1.093267835676670074e-02,1.386658400297164917e-01
1.020000000000000000e+04,4.416991141624748707e-04,1.250602155923843384e-01,1.120252721011638641e-02,1.367044448852539062e-01
1.030000000000000000e+04,6.639070343226194382e-04,1.235588490962982178e-01,1.107350923120975494e-02,1.352962702512741089e-01
1.040000000000000000e+04,1.110322307795286179e-03,1.216512918472290039e-01,1.093685440719127655e-02,1.336984634399414062e-01
1.050000000000000000e+04,1.528268330730497837e-03,1.186709180474281311e-01,1.078972406685352325e-02,1.309889107942581177e-01
1.060000000000000000e+04,8.496613008901476860e-04,1.094144880771636963e-01,1.239737402647733688e-02,1.226615235209465027e-01
1.070000000000000000e+04,1.683124923147261143e-03,9.848364442586898804e-02,1.503769028931856155e-02,1.152044609189033508e-01
1.080000000000000000e+04,4.701003432273864746e-02,9.301010519266128540e-02,1.518799457699060440e-02,1.552081257104873657e-01
1.090000000000000000e+04,2.486105309799313545e-03,8.018475025892257690e-02,2.023214474320411682e-02,1.029029935598373413e-01
1.100000000000000000e+04,3.357487265020608902e-03,7.258352637290954590e-02,2.174021489918231964e-02,9.768122434616088867e-02
1.110000000000000000e+04,5.431261379271745682e-03,7.068771123886108398e-02,1.964900456368923187e-02,9.576798230409622192e-02
1.120000000000000000e+04,5.444900598376989365e-03,5.914068967103958130e-02,2.317918650805950165e-02,8.776477724313735962e-02
1.130000000000000000e+04,6.488111801445484161e-03,5.480844900012016296e-02,2.260887250304222107e-02,8.390542864799499512e-02
1.140000000000000000e+04,1.041010860353708267e-02,5.703856423497200012e-02,1.830719597637653351e-02,8.575586974620819092e-02
1.150000000000000000e+04,7.464835420250892639e-03,4.540986195206642151e-02,2.235745824873447418e-02,7.523215562105178833e-02
1.160000000000000000e+04,7.491571363061666489e-03,4.173036292195320129e-02,2.263664640486240387e-02,7.185857743024826050e-02
1.170000000000000000e+04,1.055373903363943100e-02,3.845683485269546509e-02,2.298680879175662994e-02,7.199738174676895142e-02
1.180000000000000000e+04,2.164831198751926422e-02,4.225965961813926697e-02,1.996152102947235107e-02,8.386949449777603149e-02
1.190000000000000000e+04,1.228299923241138458e-02,3.563591465353965759e-02,2.113831415772438049e-02,6.905722618103027344e-02
1.200000000000000000e+04,9.924501180648803711e-03,3.026563301682472229e-02,2.248725853860378265e-02,6.267739087343215942e-02
1.210000000000000000e+04,7.349258288741111755e-03,2.882623672485351562e-02,2.110093273222446442e-02,5.727642774581909180e-02
1.220000000000000000e+04,1.943413540720939636e-02,2.656525000929832458e-02,1.992295309901237488e-02,6.592233479022979736e-02
1.230000000000000000e+04,7.994402199983596802e-03,2.365877479314804077e-02,2.019522711634635925e-02,5.184840410947799683e-02
1.240000000000000000e+04,7.866514846682548523e-03,2.161496877670288086e-02,1.933547295629978180e-02,4.881695657968521118e-02
1.250000000000000000e+04,7.764277979731559753e-03,1.990514062345027924e-02,1.851691305637359619e-02,4.618633165955543518e-02
1.260000000000000000e+04,7.526696193963289261e-03,1.813743449747562408e-02,1.732947491109371185e-02,4.299360513687133789e-02
1.270000000000000000e+04,2.897023223340511322e-02,1.776332780718803406e-02,1.498068217188119888e-02,6.171423941850662231e-02
1.280000000000000000e+04,7.102869451045989990e-03,1.434267591685056686e-02,1.549284160137176514e-02,3.693838790059089661e-02
1.290000000000000000e+04,9.414055384695529938e-03,1.546059455722570419e-02,1.263320352882146835e-02,3.750785440206527710e-02
1.300000000000000000e+04,4.781205207109451294e-03,1.115219201892614365e-02,1.299538742750883102e-02,2.892878651618957520e-02
1.310000000000000000e+04,6.085680332034826279e-03,1.095958240330219269e-02,1.084731332957744598e-02,2.789257653057575226e-02
1.320000000000000000e+04,6.777756381779909134e-03,8.457089774310588837e-03,1.039647776633501053e-02,2.563132345676422119e-02
1.330000000000000000e+04,4.133953712880611420e-03,8.643042296171188354e-03,8.323874324560165405e-03,2.110087126493453979e-02
1.340000000000000000e+04,5.983176175504922867e-03,6.603444460779428482e-03,7.909334264695644379e-03,2.049595490097999573e-02
1.350000000000000000e+04,7.705710362643003464e-03,5.944551434367895126e-03,6.882360670715570450e-03,2.053262293338775635e-02
1.360000000000000000e+04,8.126622065901756287e-03,5.993762053549289703e-03,5.551561713218688965e-03,1.967194676399230957e-02
1.370000000000000000e+04,1.003840845078229904e-02,4.859439097344875336e-03,5.278185009956359863e-03,2.017603255808353424e-02
1.380000000000000000e+04,4.083357285708189011e-03,4.373562987893819809e-03,4.574062302708625793e-03,1.303098257631063461e-02
1.390000000000000000e+04,7.072007283568382263e-03,4.043133463710546494e-03,3.800177015364170074e-03,1.491531822830438614e-02
1.400000000000000000e+04,1.177788828499615192e-03,4.249071236699819565e-03,2.993028843775391579e-03,8.419889025390148163e-03
1.410000000000000000e+04,5.923666059970855713e-03,4.308521747589111328e-03,2.391157904639840126e-03,1.262334547936916351e-02
1.420000000000000000e+04,4.330844152718782425e-03,4.192734602838754654e-03,2.001276239752769470e-03,1.052485499531030655e-02
1.430000000000000000e+04,1.590157975442707539e-03,3.813734976574778557e-03,1.748627866618335247e-03,7.152521051466464996e-03
1.440000000000000000e+04,6.107903551310300827e-03,2.958145923912525177e-03,1.836506766267120838e-03,1.090255565941333771e-02
1.450000000000000000e+04,4.109356552362442017e-03,2.695261035114526749e-03,1.539805671200156212e-03,8.344423025846481323e-03
1.460000000000000000e+04,7.964232005178928375e-03,2.695454750210046768e-03,1.305448589846491814e-03,1.196513604372739792e-02
1.470000000000000000e+04,7.120781112462282181e-03,2.501752227544784546e-03,1.150603755377233028e-03,1.077313628047704697e-02
1.480000000000000000e+04,4.448454827070236206e-03,2.319617895409464836e-03,1.380868023261427879e-03,8.148941211402416229e-03
1.490000000000000000e+04,3.087303973734378815e-02,2.742483746260404587e-03,7.841257611289620399e-04,3.439964726567268372e-02
1.500000000000000000e+04,2.108560875058174133e-02,2.580458065494894981e-03,6.745037389919161797e-04,2.434056997299194336e-02
1.510000000000000000e+04,1.738738967105746269e-03,2.138172974810004234e-03,7.012591231614351273e-04,4.578171297907829285e-03
1.520000000000000000e+04,8.720168843865394592e-03,2.216377062723040581e-03,7.129795267246663570e-04,1.164952572435140610e-02
1.530000000000000000e+04,7.522935513406991959e-03,2.089646877720952034e-03,5.572351510636508465e-04,1.016981806606054306e-02
1.540000000000000000e+04,3.244859166443347931e-03,2.005353104323148727e-03,5.063186981715261936e-04,5.756530910730361938e-03
1.550000000000000000e+04,4.807608667761087418e-03,2.524665091186761856e-03,3.543494385667145252e-04,7.686623372137546539e-03
1.560000000000000000e+04,5.507859168574213982e-04,1.960897585377097130e-03,3.912100219167768955e-04,2.902893349528312683e-03
1.570000000000000000e+04,5.910943727940320969e-03,1.850303495302796364e-03,3.726666036527603865e-04,8.133914321660995483e-03
1.580000000000000000e+04,1.318327523767948151e-02,1.912073581479489803e-03,3.036936395801603794e-04,1.539904251694679260e-02
1.590000000000000000e+04,4.303540568798780441e-03,2.441772958263754845e-03,2.166200865758582950e-04,6.961933337152004242e-03
1.600000000000000000e+04,1.593975699506700039e-03,1.779450918547809124e-03,3.113293787464499474e-04,3.684755880385637283e-03
1.610000000000000000e+04,2.167778293369337916e-04,1.972181024029850960e-03,2.181140880566090345e-04,2.407073043286800385e-03
1.620000000000000000e+04,4.991594236344099045e-03,1.777530065737664700e-03,2.593153039924800396e-04,7.028439547866582870e-03
1.630000000000000000e+04,8.488839492201805115e-03,1.707040704786777496e-03,2.167773054679855704e-04,1.041265763342380524e-02
1.640000000000000000e+04,1.374788465909659863e-03,1.827034633606672287e-03,1.723207824397832155e-04,3.374143969267606735e-03
1.650000000000000000e+04,6.160179153084754944e-03,1.749067450873553753e-03,2.265264338348060846e-04,8.135773241519927979e-03
1.660000000000000000e+04,5.890124943107366562e-03,1.699619577266275883e-03,1.637458190089091659e-04,7.753490004688501358e-03
1.670000000000000000e+04,6.409693509340286255e-03,1.679559354670345783e-03,1.493714953539893031e-04,8.238623850047588348e-03
1.680000000000000000e+04,1.337948953732848167e-03,1.884606317616999149e-03,1.259623677469789982e-04,3.348517697304487228e-03
1.690000000000000000e+04,6.460122764110565186e-03,1.611526473425328732e-03,1.795588614186272025e-04,8.251207880675792694e-03
1.700000000000000000e+04,2.001760900020599365e-02,1.654104446060955524e-03,1.204341606353409588e-04,2.179214917123317719e-02
1.710000000000000000e+04,4.020700871478766203e-04,1.563965226523578167e-03,1.375570718664675951e-04,2.103592269122600555e-03
1.720000000000000000e+04,1.199519075453281403e-02,2.314171520993113518e-03,1.631695922696962953e-04,1.447253208607435226e-02
1.730000000000000000e+04,6.186180282384157181e-03,1.565523445606231689e-03,1.353131374344229698e-04,7.887016981840133667e-03
1.740000000000000000e+04,4.128597676753997803e-03,1.890000537969172001e-03,1.014074441627599299e-04,6.120005622506141663e-03
1.750000000000000000e+04,2.108021872118115425e-04,1.513803610578179359e-03,1.108857541112229228e-04,1.835491508245468140e-03
1.760000000000000000e+04,1.715736347250640392e-03,1.528831198811531067e-03,1.382815971737727523e-04,3.382849274203181267e-03
1.770000000000000000e+04,8.190250955522060394e-03,1.486690831370651722e-03,8.854069164954125881e-05,9.765482507646083832e-03
1.780000000000000000e+04,3.130340483039617538e-03,1.470354036428034306e-03,8.952604548539966345e-05,4.690220579504966736e-03
1.790000000000000000e+04,1.287202257663011551e-02,1.471463474445044994e-03,8.213436376536265016e-05,1.442562043666839600e-02
1.800000000000000000e+04,2.950832014903426170e-03,1.433915225788950920e-03,8.111898932838812470e-05,4.465866368263959885e-03
1.810000000000000000e+04,7.761308457702398300e-03,1.443665940314531326e-03,8.519482798874378204e-05,9.290168993175029755e-03
1.820000000000000000e+04,7.709867786616086960e-04,1.423597685061395168e-03,7.406156510114669800e-05,2.268645912408828735e-03
1.830000000000000000e+04,2.585774054750800133e-03,1.413349295035004616e-03,7.382566400337964296e-05,4.072948824614286423e-03
1.840000000000000000e+04,6.056773709133267403e-04,1.581251039169728756e-03,6.043937537469901145e-05,2.247367752715945244e-03
1.850000000000000000e+04,3.440157510340213776e-03,1.448183669708669186e-03,1.025326928356662393e-04,4.990873858332633972e-03
1.860000000000000000e+04,8.322240319103002548e-04,1.419355743564665318e-03,7.571426976937800646e-05,2.327294088900089264e-03
1.870000000000000000e+04,1.554766320623457432e-03,1.395442988723516464e-03,5.921035335632041097e-05,3.009419655427336693e-03
1.880000000000000000e+04,5.571438930928707123e-03,1.395901199430227280e-03,5.881389733985997736e-05,7.026154082268476486e-03
1.890000000000000000e+04,2.603662200272083282e-03,1.384848146699368954e-03,5.821501326863653958e-05,4.046725574880838394e-03
1.900000000000000000e+04,3.485667693894356489e-04,1.414397964254021645e-03,8.894824713934212923e-05,1.851913053542375565e-03
1.910000000000000000e+04,4.308418836444616318e-03,1.420513726770877838e-03,8.897027146304026246e-05,5.817902740091085434e-03
1.920000000000000000e+04,1.332573709078133106e-03,1.359938527457416058e-03,5.408830838860012591e-05,2.746600657701492310e-03
1.930000000000000000e+04,6.811117753386497498e-03,1.926916185766458511e-03,4.146637365920469165e-05,8.779499679803848267e-03
1.940000000000000000e+04,4.670411814004182816e-03,1.469928189180791378e-03,4.635974619304761291e-05,6.186699960380792618e-03
1.950000000000000000e+04,2.645366126671433449e-03,1.390770543366670609e-03,4.565494964481331408e-05,4.081791732460260391e-03
1.960000000000000000e+04,2.046721056103706360e-03,1.332723186351358891e-03,5.153054371476173401e-05,3.430974669754505157e-03
1.970000000000000000e+04,2.244428964331746101e-03,1.347296638414263725e-03,5.170056101633235812e-05,3.643426112830638885e-03
1.980000000000000000e+04,4.545160103589296341e-03,1.467779045924544334e-03,5.071017585578374565e-05,6.063648965209722519e-03
1.990000000000000000e+04,7.876810617744922638e-03,1.378658576868474483e-03,4.665963933803141117e-05,9.302128106355667114e-03
2.000000000000000000e+04,2.866477007046341896e-03,1.332933898083865643e-03,4.840881229029037058e-05,4.247819539159536362e-03
2.000000000000000000e+04,2.866477007046341896e-03,1.332933898083865643e-03,4.840881229029037058e-05,4.247819539159536362e-03
2.356900000000000000e+04,4.236865788698196411e-05,6.827541074017062783e-05,2.946912354673258960e-05,1.401131885359063745e-04
