x_star,var_avant,var_apres_ref,var_apres_pinn
0.000000000000000000e+00,1.000000000000000000e+00,1.000000000000000000e+00,9.964145704357232347e-01
2.008032128514056214e-02,9.555420605004705248e-01,7.894532815940981108e-01,7.856867715003224006e-01
4.016064257028112428e-02,9.131401381807612294e-01,6.230752420910079525e-01,6.202274540899010979e-01
6.024096385542168641e-02,8.726237994011302179e-01,4.913629236483038620e-01,4.898807872873117142e-01
8.032128514056224855e-02,8.338672845653898325e-01,3.871573284838806805e-01,3.869704325475437079e-01
1.004016064257028107e-01,7.967718490119909402e-01,3.048179199302804010e-01,3.056047582153795239e-01
1.204819277108433728e-01,7.612556884871257701e-01,2.398407449015305393e-01,2.412235500674524968e-01
1.405622489959839350e-01,7.272479969785018428e-01,1.886226829953425166e-01,1.902681296203873607e-01
1.606425702811244971e-01,6.946853596015862831e-01,1.482871414003874011e-01,1.499458997192883170e-01
1.807228915662650592e-01,6.635095104107003872e-01,1.165445167615751093e-01,1.180538740799597086e-01
2.008032128514056214e-01,6.336659131252386778e-01,9.157777322030331846e-02,9.284795219087671470e-02
2.208835341365461835e-01,6.051028516493169862e-01,7.194850800889031339e-02,7.294402701614030593e-02
2.409638554216867457e-01,5.777708435897793704e-01,5.652032460377710149e-02,5.724281385183054016e-02
2.610441767068273355e-01,5.516222619475110722e-01,4.439680753906383864e-02,4.487024656537413198e-02
2.811244979919678699e-01,5.266110924722009479e-01,3.487166862400691014e-02,3.513177736736450285e-02
3.012048192771084043e-01,5.026927798250618862e-01,2.738890621051671970e-02,2.747543812558075546e-02
3.212851405622489942e-01,4.798241317049484200e-01,2.151110895267787163e-02,2.146325703707208446e-02
3.413654618473895841e-01,4.579632603536853974e-01,1.689432485438298326e-02,1.674775711506842554e-02
3.614457831325301185e-01,4.370695475862011459e-01,1.326818639069319607e-02,1.305366436350018262e-02
3.815261044176706529e-01,4.171036239921237510e-01,1.042022200425993944e-02,1.016329041354074869e-02
4.016064257028112428e-01,3.980273560131120658e-01,8.183489331770057995e-03,7.904353017143110963e-03
4.216867469879518326e-01,3.798038367012021577e-01,6.426836746582300329e-03,6.141051278994625814e-03
4.417670682730923670e-01,3.623973774177729479e-01,5.047240308264574170e-03,4.766201856472454014e-03
4.618473895582329014e-01,3.457734987426082651e-01,3.963777080525997254e-03,3.695549373002678453e-03
4.819277108433734913e-01,3.298989195628810323e-01,3.112887253438038730e-03,2.862702467813994095e-03
5.020080321285140812e-01,3.147415437945465522e-01,2.444650526089745153e-03,2.215607327856124707e-03
5.220883534136546711e-01,3.002704445172131309e-01,1.919860231085766854e-03,1.713353312857043148e-03
5.421686746987951500e-01,2.864558455226609568e-01,1.507724641502671079e-03,1.323985202448171037e-03
5.622489959839357399e-01,2.732691004185375250e-01,1.184061217472352984e-03,1.022444914482140144e-03
5.823293172690763297e-01,2.606826695150557538e-01,9.298781977599255991e-04,7.891574765179162378e-04
6.024096385542168086e-01,2.486700947701193098e-01,7.302605129336527372e-04,6.088416208927327836e-04
6.224899598393573985e-01,2.372059730890229423e-01,5.734947642094182082e-04,4.696065891695997340e-04
6.425702811244979884e-01,2.262659282772822855e-01,4.503819891286525972e-04,3.621860237298820100e-04
6.626506024096385783e-01,2.158265819354176496e-01,3.536979253745121368e-04,2.793860227710085603e-04
6.827309236947791682e-01,2.058655235671056905e-01,2.777691226314574820e-04,2.155927830807157148e-04
7.028112449799196471e-01,1.963612801501884997e-01,2.181400409350838497e-04,1.664900576015658105e-04
7.228915662650602370e-01,1.872932853958481914e-01,1.713116077033550858e-04,1.287041086575088460e-04
7.429718875502008268e-01,1.786418488963797402e-01,1.345358958115892129e-04,9.963827254116057594e-05
7.630522088353413057e-01,1.703881253374656957e-01,1.056548765489639485e-04,7.728878392165551775e-05
7.831325301204818956e-01,1.625140839274001603e-01,8.297378664786001748e-05,6.010140671406382799e-05
8.032128514056224855e-01,1.550024781737283641e-01,6.516167919345814330e-05,4.688086242201075710e-05
8.232931726907630754e-01,1.478368161175220019e-01,5.117332307242720188e-05,3.671034550380903363e-05
8.433734939759036653e-01,1.410013311170977834e-01,4.018786818753520976e-05,2.887648626017390023e-05
8.634538152610441442e-01,1.344809532564282817e-01,3.156067739120743318e-05,2.283998740006147669e-05
8.835341365461847341e-01,1.282612814387357747e-01,2.478549866708378897e-05,1.818195684449499874e-05
9.036144578313253239e-01,1.223285562127160858e-01,1.946475783054943141e-05,1.458122734949035356e-05
9.236947791164658028e-01,1.166696333674009517e-01,1.528622851979161335e-05,1.179349637688907566e-05
9.437751004016063927e-01,1.112719583216995323e-01,1.200471046368251286e-05,9.628215263178223761e-06
9.638554216867469826e-01,1.061235413260350757e-01,9.427640897176759442e-06,7.944318468346756631e-06
9.839357429718875725e-01,1.012129334860864954e-01,7.403794792336120366e-06,6.632067374300163930e-06
1.004016064257028162e+00,9.652920361231989710e-02,5.814410825873140579e-06,5.604271518620766820e-06
1.024096385542168752e+00,9.206191589363833805e-02,4.566222347585226358e-06,4.799430689169873299e-06
1.044176706827309342e+00,8.780110838897949022e-02,3.585984400757271813e-06,4.166733671962668315e-06
1.064257028112449710e+00,8.373727232694411216e-02,2.816175635075440199e-06,3.667865644217564180e-06
1.084337349397590300e+00,7.986133220045080194e-02,2.211622896250424203e-06,3.274850394603117130e-06
1.104417670682730890e+00,7.616462664090328794e-02,1.736850420025024721e-06,2.964077772522316059e-06
1.124497991967871480e+00,7.263889005434534529e-02,1.363998078696069442e-06,2.718918366250832977e-06
1.144578313253012070e+00,6.927623500050063277e-02,1.071186520797313623e-06,2.526133324709548928e-06
1.164658634538152659e+00,6.606913529438920851e-02,8.412332687326436547e-07,2.374047498487218205e-06
1.184738955823293249e+00,6.301040980932859359e-02,6.606444336818762450e-07,2.255423418830748812e-06
1.204819277108433617e+00,6.009320695951187591e-02,5.188228806049622612e-07,2.163061630638869549e-06
1.224899598393574207e+00,5.731098983997650470e-02,4.074463776748585706e-07,2.092708828646796622e-06
1.244979919678714797e+00,5.465752200159180313e-02,3.199792393212833320e-07,2.038637255365277868e-06
1.265060240963855387e+00,5.212685383867282640e-02,2.512888056094118053e-07,1.999588236545151656e-06
1.285140562248995977e+00,4.971330956694521713e-02,1.973442525775134801e-07,1.970381631652373532e-06
1.305220883534136567e+00,4.741147476981759368e-02,1.549800594211719966e-07,1.949851872338618012e-06
1.325301204819277157e+00,4.521618449124127637e-02,1.217102525380650638e-07,1.936778848929033955e-06
1.345381526104417746e+00,4.312251185383771807e-02,9.558252608884828100e-08,1.928801858553331290e-06
1.365461847389558336e+00,4.112575718143501868e-02,7.506367872059240808e-08,1.924262257234500365e-06
1.385542168674698704e+00,3.922143760566319109e-02,5.894964376470798586e-08,1.921705242316887221e-06
1.405622489959839294e+00,3.740527713680207034e-02,4.629483338972447305e-08,1.921596526945497827e-06
1.425702811244979884e+00,3.567319717964818893e-02,3.635665055310113273e-08,1.922507018180884796e-06
1.445783132530120474e+00,3.402130747575780878e-02,2.855191265758068940e-08,1.923434220731806100e-06
1.465863453815261064e+00,3.244589745402592235e-02,2.242262980791357021e-08,1.922977689628302265e-06
1.485943775100401654e+00,3.094342797217029123e-02,1.760912950157851105e-08,1.923227992079660026e-06
1.506024096385542244e+00,2.951052343230099045e-02,1.382895068330871462e-08,1.921123100885629336e-06
1.526104417670682611e+00,2.814396425436454033e-02,1.086026864560611559e-08,1.917064454900699101e-06
1.546184738955823201e+00,2.684067969185423633e-02,8.528878130835328510e-09,1.911939406615669996e-06
1.566265060240963791e+00,2.559774097477346758e-02,6.697970791027557449e-09,1.904551536022766874e-06
1.586345381526104381e+00,2.441235476542258018e-02,5.260107135922313933e-09,1.894628136489366754e-06
1.606425702811244971e+00,2.328185691315149547e-02,4.130911875363652104e-09,1.883102287072951936e-06
1.626506024096385561e+00,2.220370649477896793e-02,3.244122692042435026e-09,1.868391554740984041e-06
1.646586345381526151e+00,2.117548012792158652e-02,2.547701901836164757e-09,1.851945967487535427e-06
1.666666666666666741e+00,2.019486654500496706e-02,2.000782830015603299e-09,1.832420539873322193e-06
1.686746987951807331e+00,1.925966141623970326e-02,1.571271713534214429e-09,1.810958252424573647e-06
1.706827309236947698e+00,1.836776241034105903e-02,1.233964406704965472e-09,1.787067682280076827e-06
1.726907630522088288e+00,1.751716448224979045e-02,9.690673763951034188e-10,1.761482290915050662e-06
1.746987951807228878e+00,1.670595537757288765e-02,7.610361975728289702e-10,1.733082420188681402e-06
1.767068273092369468e+00,1.593231134390890938e-02,5.976633907298977485e-10,1.703496046059360417e-06
1.787148594377510058e+00,1.519449303965096643e-02,4.693620747186012828e-10,1.671483042001761729e-06
1.807228915662650648e+00,1.449084163127332438e-02,3.686033988483707139e-10,1.637807170228062116e-06
1.827309236947791238e+00,1.381977507050300737e-02,2.894747423492127460e-10,1.602990888899753470e-06
1.847389558232931606e+00,1.317978454315992323e-02,2.273327558011265420e-10,1.566511005292023670e-06
1.867469879518072196e+00,1.256943108181339530e-02,1.785308847385448715e-10,1.528853708502429755e-06
1.887550200803212785e+00,1.198734233475390147e-02,1.402053861303002418e-10,1.490004215444152597e-06
1.907630522088353375e+00,1.143220948411480600e-02,1.101072810403675471e-10,1.450046358156109987e-06
1.927710843373493965e+00,1.090278430630110991e-02,8.647038229322367570e-11,1.409520958882798297e-06
1.947791164658634555e+00,1.039787636819011762e-02,6.790765282404233099e-11,1.368255946166461412e-06
1.967871485943775145e+00,9.916350352864517978e-03,5.332981293693748226e-11,1.326705739241057002e-06
1.987951807228915735e+00,9.457123508921007338e-03,4.188142027786712598e-11,1.284767223780512453e-06
2.008032128514056325e+00,9.019163217667554300e-03,3.289067161484812036e-11,1.242285957846755690e-06
2.028112449799196693e+00,8.601484672781090773e-03,2.582998074515289266e-11,1.200223301185097551e-06
2.048192771084337505e+00,8.203148667244987077e-03,2.028501920456740283e-11,1.158074792435390829e-06
2.068273092369477872e+00,7.823259482621252800e-03,1.593040305431701866e-11,1.115403641883362741e-06
2.088353413654618684e+00,7.460962875939002557e-03,1.251059902538050456e-11,1.073500936384677874e-06
2.108433734939759052e+00,7.115444159695993691e-03,9.824929567087265766e-12,1.031888016115811387e-06
2.128514056224899420e+00,6.785926370676560911e-03,7.715796887137647354e-12,9.908498916450009087e-07
2.148594377510040232e+00,6.471668523486038237e-03,6.059434951597138533e-12,9.502794085479122416e-07
2.168674698795180600e+00,6.171963944889920575e-03,4.758646771555018002e-12,9.105110685964810529e-07
2.188755020080321412e+00,5.886138685225659160e-03,3.737100783094603624e-12,8.713061387116425173e-07
2.208835341365461780e+00,5.613550003326395720e-03,2.934851637152649065e-12,8.331154571311689507e-07
2.228915662650602592e+00,5.353584921559862049e-03,2.304822543374449826e-12,7.954383271319295642e-07
2.248995983935742959e+00,5.105658847741788124e-03,1.810042759613493485e-12,7.586587416895585946e-07
2.269076305220883327e+00,4.869214260832417478e-03,1.421478110049067115e-12,7.228052569531286894e-07
2.289156626506024139e+00,4.643719457467408718e-03,1.116327228728840298e-12,6.879366379882557144e-07
2.309236947791164507e+00,4.428667356509720897e-03,8.766835543344989961e-13,6.543263259908839372e-07
2.329317269076305319e+00,4.223574358939501290e-03,6.884845543218886578e-13,6.219522840614073021e-07
2.349397590361445687e+00,4.027979260522231500e-03,5.406865219960043491e-13,5.905504825964216852e-07
2.369477911646586499e+00,3.841442214813825615e-03,4.246165196219335595e-13,5.597819206236553015e-07
2.389558232931726867e+00,3.663543744173769056e-03,3.334634422892623931e-13,5.308946671343339197e-07
2.409638554216867234e+00,3.493883796565254007e-03,2.618783355785136505e-13,5.026859665120464395e-07
2.429718875502008046e+00,3.332080846023694528e-03,2.056605132870631072e-13,4.757476931520434770e-07
2.449799196787148414e+00,3.177771034772687141e-03,1.615110567847683172e-13,4.498693946630877947e-07
2.469879518072289226e+00,3.030607355060206762e-03,1.268392317058830991e-13,4.256188425814859514e-07
2.489959839357429594e+00,2.890258868876782305e-03,9.961046021126012821e-14,4.021178205477323037e-07
2.510040160642570406e+00,2.756409963802197802e-03,7.822693081604651187e-14,3.799872870735363915e-07
2.530120481927710774e+00,2.628759643308531055e-03,6.143383645435938284e-14,3.585924417196237311e-07
2.550200803212851586e+00,2.507020849924627200e-03,4.824574138655935580e-14,3.387908182970154722e-07
2.570281124497991954e+00,2.390919819740788734e-03,3.788875476794121675e-14,3.201641289050657373e-07
2.590361445783132321e+00,2.280195466802938803e-03,2.975511824952655501e-14,3.025165435536302021e-07
2.610441767068273133e+00,2.174598796012480566e-03,2.336754188864520231e-14,2.858730144404918935e-07
2.630522088353413501e+00,2.073892343212212913e-03,1.835119626101390514e-14,2.704986730140351216e-07
2.650602409638554313e+00,1.977849641199730304e-03,1.441171721782905353e-14,2.558586194465324062e-07
2.670682730923694681e+00,1.886254710467763366e-03,1.131793210540751145e-14,2.426413920751517025e-07
2.690763052208835493e+00,1.798901573526828128e-03,8.888294580388324549e-15,2.302719885059033666e-07
2.710843373493975861e+00,1.715593791718127538e-03,6.980231022184322755e-15,2.189993338839198075e-07
2.730923694779116673e+00,1.636144023475520756e-03,5.481774376173969322e-15,2.085150034351324939e-07
2.751004016064257041e+00,1.560373603043384424e-03,4.304993693702771778e-15,1.991700495612853189e-07
2.771084337349397408e+00,1.488112138703128829e-03,3.380834310366556612e-15,1.907275411589584264e-07
2.791164658634538220e+00,1.419197129605203602e-03,2.655065620864989503e-15,1.831673351246057058e-07
2.811244979919678588e+00,1.353473600344946935e-03,2.085098774145141141e-15,1.766521028009956596e-07
2.831325301204819400e+00,1.290793752460724303e-03,1.637487552398022330e-15,1.703687744130828633e-07
2.851405622489959768e+00,1.231016632070781273e-03,1.285965702417179519e-15,1.655859522924031278e-07
2.871485943775100580e+00,1.174007812901396502e-03,1.009905570241529769e-15,1.613280445293169251e-07
2.891566265060240948e+00,1.119639093993817251e-03,7.931076885213149482e-16,1.577558516256366025e-07
2.911646586345381316e+00,1.067788211410036900e-03,6.228501305031122436e-16,1.550511206153521134e-07
2.931726907630522128e+00,1.018338563289333722e-03,4.891420214995230422e-16,1.530040762827871599e-07
2.951807228915662495e+00,9.711789476372878179e-04,3.841372217093149755e-16,1.516366407520289255e-07
2.971887550200803307e+00,9.262033122576212446e-04,3.016739489265295265e-16,1.509680389224733125e-07
2.991967871485943675e+00,8.833105162646623116e-04,2.369131894992224254e-16,1.509600964565736556e-07
3.012048192771084487e+00,8.424041026400487433e-04,1.860547130581432251e-16,1.514170637070487905e-07
3.032128514056224855e+00,8.033920813223272310e-04,1.461141000002970536e-16,1.525142717563887375e-07
3.052208835341365223e+00,7.661867223416319022e-04,1.147475933273564847e-16,1.542956107629754180e-07
3.072289156626506035e+00,7.307043585343269993e-04,9.011458055513517494e-17,1.564385959516895080e-07
3.092369477911646403e+00,6.968651973938866807e-04,7.076956818840753571e-17,1.592245650741672719e-07
3.112449799196787215e+00,6.645931416350888549e-04,5.557737882069463184e-17,1.622546846801962669e-07
3.132530120481927582e+00,6.338156180678445467e-04,4.364651818579016620e-17,1.660257376477167305e-07
3.152610441767068394e+00,6.044634143960042356e-04,3.427687122986192987e-17,1.700268351875301843e-07
3.172690763052208762e+00,5.764705235740591504e-04,2.691861928827884492e-17,1.745508270358066438e-07
3.192771084337349574e+00,5.497739953717967415e-04,2.113997220322483472e-17,1.794575378514587268e-07
3.212851405622489942e+00,5.243137948131067075e-04,1.660183387118232302e-17,1.847242076491121485e-07
3.232931726907630310e+00,5.000326671706221060e-04,1.303790517015990847e-17,1.903952889871908449e-07
3.253012048192771122e+00,4.768760092125963359e-04,1.023904920995657325e-17,1.963448042562806503e-07
3.273092369477911490e+00,4.547917464124974192e-04,8.041026318443913008e-18,2.026974914901928553e-07
3.293172690763052302e+00,4.337302158452480431e-04,6.314856180124724380e-18,2.093815586019299348e-07
3.313253012048192669e+00,4.136440545067168067e-04,4.959245747100504930e-18,2.159839284993985957e-07
3.333333333333333481e+00,3.944880928054150132e-04,3.894644757296684669e-18,2.231308164130686222e-07
3.353413654618473849e+00,3.762192529868330993e-04,3.058581875707314943e-18,2.306052507022362115e-07
3.373493975903614661e+00,3.587964522620664320e-04,2.401996952786875435e-18,2.381921420447055307e-07
3.393574297188755029e+00,3.421805104229071540e-04,1.886360791751023210e-18,2.460610827470275542e-07
3.413654618473895397e+00,3.263340617356560937e-04,1.481416878864296115e-18,2.539124168847685871e-07
3.433734939759036209e+00,3.112214709155944228e-04,1.163402483930559235e-18,2.623123550471795670e-07
3.453815261044176577e+00,2.968087529931664310e-04,9.136561192448949660e-19,2.705647148475417586e-07
3.473895582329317389e+00,2.830634968917260718e-04,7.175225949717313124e-19,2.791767352135564917e-07
3.493975903614457756e+00,2.699547925450274739e-04,5.634929492228481329e-19,2.880121087391192754e-07
3.514056224899598568e+00,2.574531613906511584e-04,4.425289613435461792e-19,2.965867352411151273e-07
3.534136546184738936e+00,2.455304900830764317e-04,3.475323227908869520e-19,3.056485149550255684e-07
3.554216867469879304e+00,2.341599672774602556e-04,2.729285958583089254e-19,3.149226523337847697e-07
3.574297188755020116e+00,2.233160233419894346e-04,2.143398478279809050e-19,3.239151764996626467e-07
3.594377510040160484e+00,2.129742728633804883e-04,1.683282757669060141e-19,3.333280315704207712e-07
3.614457831325301296e+00,2.031114598162932368e-04,1.321940329538761040e-19,3.425754492084077413e-07
3.634538152610441664e+00,1.937054052735159891e-04,1.038167901159075133e-19,3.520432358424544728e-07
3.654618473895582476e+00,1.847349575394335505e-04,8.153127381396813949e-20,3.616827496077015244e-07
3.674698795180722843e+00,1.761799445948476208e-04,6.402970953655219145e-20,3.709734605713727420e-07
3.694779116465863211e+00,1.680211287463302704e-04,5.028506025613920811e-20,3.807588310658868523e-07
3.714859437751004023e+00,1.602401633783705898e-04,3.949087389936958576e-20,3.905416535438839476e-07
3.734939759036144391e+00,1.528195517112781185e-04,3.101384595430932376e-20,4.001898672934545971e-07
3.755020080321285203e+00,1.457426074723707204e-04,2.435653401322265549e-20,4.099480819002250962e-07
3.775100401606425571e+00,1.389934173922830244e-04,1.912825540952784756e-20,4.195799057057137869e-07
3.795180722891566383e+00,1.325568054424389099e-04,1.502225812886746126e-20,4.293668601023870441e-07
3.815261044176706751e+00,1.264182987336275922e-04,1.179767854044602999e-20,4.394670598449177234e-07
3.835341365461847563e+00,1.205640949994490419e-04,9.265216048427501602e-21,4.485821183546463067e-07
3.855421686746987930e+00,1.149810315920248293e-04,7.276419315591013400e-21,4.588357500106836130e-07
3.875502008032128298e+00,1.096565559208268913e-04,5.714531503510339862e-21,4.683870473121954952e-07
3.895582329317269110e+00,1.045786972687876037e-04,4.487911565747226815e-21,4.782026496783565081e-07
3.915662650602409478e+00,9.973603992309885242e-05,3.524568278156512505e-21,4.876266838846438747e-07
3.935742971887550290e+00,9.511769756110324467e-05,2.768036279898955098e-21,4.973251234012331123e-07
3.955823293172690658e+00,9.071328883466793134e-05,2.173918590216668806e-21,5.072357139867374209e-07
3.975903614457831470e+00,8.651291409923592168e-05,1.707352339653800737e-21,5.168140524004741216e-07
3.995983935742971838e+00,8.250713323650971705e-05,1.340923610423815422e-21,5.264823289107277216e-07
4.016064257028112650e+00,7.868694452232380962e-05,1.053154730652476880e-21,5.359973571483047520e-07
4.036144578313252573e+00,7.504376449383610829e-05,8.271618413694292838e-22,5.456334046928845539e-07
4.056224899598393385e+00,7.156940877265052683e-05,6.496787357141549656e-22,5.548386308501676216e-07
4.076305220883534197e+00,6.825607380287695514e-05,5.102943678553613941e-22,5.646061652290631032e-07
4.096385542168675009e+00,6.509631946553247990e-05,4.008160565977331564e-22,5.738884287145520983e-07
4.116465863453814933e+00,6.208305253294448792e-05,3.148264955197799787e-22,5.831300157561849671e-07
4.136546184738955745e+00,5.920951092917222942e-05,2.472890837929016725e-22,5.923369405911459742e-07
4.156626506024096557e+00,5.646924876468622286e-05,1.942496053657380850e-22,6.014318904299841325e-07
4.176706827309237369e+00,5.385612211580173103e-05,1.525880231713806892e-22,6.109024775866891485e-07
4.196787148594377292e+00,5.136427552168781289e-05,1.198653991994320136e-22,6.201194108468878935e-07
4.216867469879518104e+00,4.898812917401963127e-05,9.416214399874236148e-23,6.288109017821066707e-07
4.236947791164658916e+00,4.672236677673866426e-05,7.397319315042701085e-23,6.379757269567787777e-07
4.257028112449798840e+00,4.456192405579859696e-05,5.811705532401635049e-23,6.471259985956693423e-07
4.277108433734939652e+00,4.250197790130528678e-05,4.566002579827270861e-23,6.557264495893909810e-07
4.297188755020080464e+00,4.053793612714013539e-05,3.587261834356329820e-23,6.643428773353269359e-07
4.317269076305221276e+00,3.866542783596967173e-05,2.818557450325963798e-23,6.730386838300518265e-07
4.337349397590361200e+00,3.688029438063545457e-05,2.214867433789260442e-23,6.816198525366182196e-07
4.357429718875502012e+00,3.517858091622306485e-05,1.740451497647711701e-23,6.900977232762815713e-07
4.377510040160642824e+00,3.355652854084196796e-05,1.367826537993830776e-23,6.983291939322256859e-07
4.397590361445782747e+00,3.201056702720979960e-05,1.075171013212983858e-23,7.068949827192753571e-07
4.417670682730923559e+00,3.053730815187774241e-05,8.452166836445569621e-24,7.150399126340584514e-07
4.437751004016064371e+00,2.913353963422777925e-05,6.645954559893230904e-24,7.234979960742839125e-07
4.457831325301205183e+00,2.779621970364388813e-05,5.226634648756506875e-24,7.315491314351191643e-07
4.477911646586345107e+00,2.652247232056172528e-05,4.111050859300650297e-24,7.397711445883156607e-07
4.497991967871485919e+00,2.530958308579932069e-05,3.234815209020669622e-24,7.474547228278061622e-07
4.518072289156626731e+00,2.415499588309217113e-05,2.545536554808024056e-24,7.554518218743991456e-07
4.538152610441766655e+00,2.305631031246354465e-05,2.003609458082611117e-24,7.632133097360383345e-07
4.558232931726907466e+00,2.201127998782714969e-05,1.577980144805340361e-24,7.710950823413600648e-07
4.578313253012048278e+00,2.101781179167566533e-05,1.242909779544931708e-24,7.782781934087574684e-07
4.598393574297189090e+00,2.007396620420839320e-05,9.799537705589315794e-25,7.861822783749303141e-07
4.618473895582329014e+00,1.917795885522449121e-05,7.728815697721624214e-25,7.935135875921778378e-07
4.638554216867469826e+00,1.832816348662055753e-05,6.097597857937368948e-25,8.008886033269771457e-07
4.658634538152610638e+00,1.752311656415033854e-05,4.816259671315936905e-25,8.078877062826646420e-07
4.678714859437750562e+00,1.676152384290123060e-05,3.805681426339070494e-25,8.151479464986829224e-07
4.698795180722891374e+00,1.604226927671739250e-05,3.009084353638832691e-25,8.221949797110133671e-07
4.718875502008032186e+00,1.536442677431213561e-05,2.381388194093602629e-25,8.294920399134566189e-07
4.738955823293172998e+00,1.472727545334551512e-05,1.887922734509852281e-25,8.364343060322436680e-07
4.759036144578312921e+00,1.413031924097613810e-05,1.500335173533418262e-25,8.428933213067547047e-07
4.779116465863453733e+00,1.357331193308877848e-05,1.196440435422512046e-25,8.497555200236400626e-07
4.799196787148594545e+00,1.305628917935681820e-05,9.578000122499917704e-26,8.564591448837774476e-07
4.819277108433734469e+00,1.257960934298027972e-05,7.706609532906727229e-26,8.633480633414350896e-07
4.839357429718875281e+00,1.214400584376511747e-05,6.247172722196459472e-26,8.697711768336713896e-07
4.859437751004016093e+00,1.175065450714332331e-05,5.102748047566824480e-26,8.762529635711086059e-07
4.879518072289156905e+00,1.140126072485019560e-05,4.217173905640206792e-26,8.824383540088454764e-07
4.899598393574296828e+00,1.109817306335130618e-05,3.533909758711766906e-26,8.885484517062619393e-07
4.919678714859437640e+00,1.084453261661770030e-05,3.013840632505894650e-26,8.948397110825224446e-07
4.939759036144578452e+00,1.064447134985572059e-05,2.645964051758661049e-26,9.006802240414257951e-07
4.959839357429719264e+00,1.050337868291052194e-05,2.404310590979028053e-26,9.065790429638700528e-07
4.979919678714859188e+00,1.042826490486813796e-05,2.279358151379404026e-26,9.125054998312367235e-07
5.000000000000000000e+00,1.042826490486813796e-05,2.279358151379404026e-26,9.184373741030898528e-07
