Pe,kappa,Ts,L_mix_kappa1,L_mix,L_mix_m,t_mix_s,gain_pct
2.500000000000000000e+00,1.000000000000000000e+00,4.000000000000000000e+00,6.224899598393573985e-01,6.224899598393573985e-01,6.224899598393573779e-05,2.489959839357429594e+00,0.000000000000000000e+00
2.500000000000000000e+00,2.000000000000000000e+00,4.000000000000000000e+00,6.224899598393573985e-01,4.216867469879518326e-01,4.216867469879518552e-05,1.686746987951807553e+00,3.225806451612902492e+01
2.500000000000000000e+00,4.000000000000000000e+00,4.000000000000000000e+00,6.224899598393573985e-01,2.811244979919678699e-01,2.811244979919678809e-05,1.124497991967871480e+00,5.483870967741935232e+01
2.500000000000000000e+00,8.000000000000000000e+00,4.000000000000000000e+00,6.224899598393573985e-01,2.008032128514056214e-01,2.008032128514056244e-05,8.032128514056224855e-01,6.774193548387097508e+01
5.000000000000000000e+00,1.000000000000000000e+00,2.000000000000000000e+00,8.232931726907630754e-01,8.232931726907630754e-01,8.232931726907631717e-05,1.646586345381526373e+00,0.000000000000000000e+00
5.000000000000000000e+00,2.000000000000000000e+00,2.000000000000000000e+00,8.232931726907630754e-01,5.020080321285140812e-01,5.020080321285140778e-05,1.004016064257028162e+00,3.902439024390243816e+01
5.000000000000000000e+00,4.000000000000000000e+00,2.000000000000000000e+00,8.232931726907630754e-01,3.212851405622489942e-01,3.212851405622490261e-05,6.425702811244980994e-01,6.097560975609756184e+01
5.000000000000000000e+00,8.000000000000000000e+00,2.000000000000000000e+00,8.232931726907630754e-01,2.208835341365461835e-01,2.208835341365461970e-05,4.417670682730924225e-01,7.317073170731707421e+01
1.000000000000000000e+01,1.000000000000000000e+00,1.000000000000000000e+00,1.285140562248995977e+00,1.285140562248995977e+00,1.285140562248996104e-04,1.285140562248996199e+00,0.000000000000000000e+00
1.000000000000000000e+01,2.000000000000000000e+00,1.000000000000000000e+00,1.285140562248995977e+00,7.228915662650602370e-01,7.228915662650602070e-05,7.228915662650602370e-01,4.375000000000000000e+01
1.000000000000000000e+01,4.000000000000000000e+00,1.000000000000000000e+00,1.285140562248995977e+00,4.216867469879518326e-01,4.216867469879518552e-05,4.216867469879518882e-01,6.718750000000000000e+01
1.000000000000000000e+01,8.000000000000000000e+00,1.000000000000000000e+00,1.285140562248995977e+00,2.610441767068273355e-01,2.610441767068273422e-05,2.610441767068273355e-01,7.968750000000000000e+01
2.000000000000000000e+01,1.000000000000000000e+00,5.000000000000000000e-01,2.329317269076305319e+00,2.329317269076305319e+00,2.329317269076305473e-04,1.164658634538152659e+00,0.000000000000000000e+00
2.000000000000000000e+01,2.000000000000000000e+00,5.000000000000000000e-01,2.329317269076305319e+00,1.224899598393574207e+00,1.224899598393574217e-04,6.124497991967871036e-01,4.741379310344828468e+01
2.000000000000000000e+01,4.000000000000000000e+00,5.000000000000000000e-01,2.329317269076305319e+00,6.626506024096385783e-01,6.626506024096385909e-05,3.313253012048192891e-01,7.155172413793103203e+01
2.000000000000000000e+01,8.000000000000000000e+00,5.000000000000000000e-01,2.329317269076305319e+00,3.614457831325301185e-01,3.614457831325301035e-05,1.807228915662650592e-01,8.448275862068965125e+01
